Arbor Day,Bachelor Party,Casual Coffee Date,Dandiya Party,Easter Egg Hunt,Fall,Galas,Hanging out with Friends,Ice Cream Social,Job Interview,Kitty Party,Lazy Day,Maternity,Night Out,Office Party,Parties and Nightclub,,Rave Party,School Trip,Thanksgiving Dinner,,Vacation in Europe,Wedding
,Bachelorette Party,Casual Events,Day Out,Everyday Use,Father's Day,Going to the Beach,Holiday Party,Informal Wear,Just Because,,Lounging,Meeting Friends for a Snack,,Outdoor Dressup,Picnic,,Red Carpet Event,Semi-Formal Event,Traveling by Air,,Vacation in India,Wedding Reception
,Bridal Shower,Casual Party,Day Out in the Fall,Exercise,Festivals,Going to the Gym,Homecoming,,,,Lunch Meeting,Meeting The Parents,,Outing at the Beach,Pool Party,,Rehearsal Dinner,Skiing,Traveling by Car,,Vacation on an Island,Winter
,Biking,Christmas Party,Day Out in the Park,Extended Family Gatherings,First Date,,Horse Riding,,,,,Melas,,,Prom Night,,,Skydiving,,,Valentine's Day,Work
,Birthday Party,Cinco de Mayo Day,Desk Work,,First Day at the Office,,,,,,,Mother of the Bride,,,Promotional Event,,,Smart Casual,,,,Workwear
,Banquet,Clubbing,Dinner Party,,First Day of College,,,,,,,Mother's Day,,,,,,Spring,,,,
,Beach Parties,Cocktail Party,Diwali Party,,Fitness Events,,,,,,,,,,,,,Stroll in the Park,,,,
,Beach Vacation,Cold Weather,Dress to Impress,,Formal Event,,,,,,,,,,,,,Summer,,,,
,Bridesmaid,College,Dressing Up,,Fundraiser Galas,,,,,,,,,,,,,,,,,
,Best Man,Community Block Party,,,Funeral,,,,,,,,,,,,,,,,,
,Business Meeting,Corporate Party,,,,,,,,,,,,,,,,,,,,
,Base Jumping,,,,,,,,,,,,,,,,,,,,,
,Back to School,,,,,,,,,,,,,,,,,,,,,
,Baby Shower,,,,,,,,,,,,,,,,,,,,,