A-line Skirts,Baby Bags,Camisoles,Denim Jackets,Ear Muffs,Fancy Dress,Gathered skirt,Hair Accessories,Infinity Scarves,Jackets,Kaftans,Leggings,Men's Shirts,Nightgowns,Overalls,Pajama Sets,Quilts,Raincoats,Sandals,T-Shirts,Uniform,V-Necks,Waistcoats,,Yoga Pants,Zip Hoodies
Accessories,Baby Dolls,Cardigans,Denim Jeans,Earrings,Flared Skirt,Gloves,Halter Top,,Jeans,Kilts,Leisurewear,Men's Shorts,Nightwear,Outerwear,Pajamas,Qupid Shoes,Rainwear,Sarongs,Tailcoats,,Vests,Watches,,Yoga Dresses,Zip Up Jackets
Ankle Boots,Baggy Jeans,Cargos,Denim Pants,Elevator Shoes,Fleece Jackets,Gowns,Handbags,,Jewellery,Knickers,Linen Pants,Messenger Bags,Non-slip Shoes,Over-the-knee Boots,Panties,,Riding Boots,Scarf,Tankini,,,Waterproof Jackets,,Yoga Tops,
Asymmetrical Skirts,Baggy Shorts,Casual Sweaters,Denim Skirts,Evening Dress,Footwear,Grommeted Skirts,Hats,,Jogging Suits,Kurtas,Linen Shorts,Messenger Baby Bags,,Oxford Blouse,Pants,,Ridingwear,Scarves,Tanks,,,Wedding Gowns,,Yoga Shorts,
A-line Dresses,Bags,Casuals,Denims,,Formal Jackets,Gypsy Skirts,Headbands,,Jumpers,Kurtis,Lingerie,Moccasins,,Off the shoulder Tops,Parka Jackets,,Rings,Shawls,Teddies,,,Wedding Jackets,,,
,Ball Gowns,Catsuits,Dinner Jackets,,Formal Shirts,,Headbands and Headwraps,,Jumpsuits,Knitwear,Little Black Dress,Maxi Skirts,,Orthopaedic Footwear,Pashmina Shawls,,Robes,Sheath Dresses,Thermals,,,Wrap Dresses,,,
,Ballet Shoes,Chemises,Draped Skirts,,Formalwear,,Headgear,,Jelly Shoes,Knee Length Skirts,Loafers,Mermaid Skirts,,,Peacoats,,Rompers,Shellsuits,Thongs,,,Wrap Skirts,,,
,Bangles,Circle Skirts,Dress Pants,,Full-hand Shirts,,Headwraps,,Jeans skirts,Knit Lounge Pants,Long Sleeve Blazers,Micro Mini Skirts,,,Platform Booties,,Running Shoes,Shirt Dresses,Tiered Skirt,,,,,,
,Belts,Clogs,Dress Shirts,,,,High Waisted Skirts,,,Knit Tops,Long Sleeve Tops,Mini Skirts,,,Platform Shoes,,,Shirt Sleeves,Ties,,,,,,
,Bikini Bottoms,Coats,Dress Shoes,,,,High-heeled Shoes,,,Knit Wraps,,Maxi Dresses,,,Platforms,,,Shirts,Tights,,,,,,
,Bikini Sets,Colored Jeans,Dresses,,,,Hoodies,,,Boys Shirts,,Maternity Dresses,,,Pocket Watches,,,Shoes,Toe Chains,,,,,,
,Bikini Tops,Combats,Dressing Gowns,,,,Hosiery,,,Boys T-Shirts,,,,,Polo Shirts,,,Shorts,Tops,,,,,,
,Black Dress,Combo Skirts,Drop Waist Pleated Skirts,,,,,,,Boys Shorts,,,,,Ponchos,,,Shoulder Bags,Tops,,,,,,
,Blazers,Coordinates,Dungarees,,,,,,,,,,,,Prom Dresses,,,Skirt Pants,Tote Bags,,,,,,
,Blouses,Corsets,,,,,,,,,,,,,Peshawari Chappals,,,Skirts,Tracksuits,,,,,,
,Boat Shoes,Cosmetic Cases,,,,,,,,,,,,,Pointininis,,,Skirts with Gussets,Trainers,,,,,,
,Body Jewelry,Costumes,,,,,,,,,,,,,Pencil Skirts,,,Skorts,Trouser Skirts,,,,,,
,Bodysuits,Couture,,,,,,,,,,,,,Pleated Skirts,,,Sleep Pants,Trousers,,,,,,
,Boots,Cravats,,,,,,,,,,,,,Poodle Skirts,,,Sleeveless Dresses,Tube Skirts,,,,,,
,Bottoms,Cufflinks,,,,,,,,,,,,,Peplum Dresses,,,Sleeveless Shirts,Tutu,,,,,,
,Bow Ties,,,,,,,,,,,,,,,,,Slip-on Shoes,Two-piece suits,,,,,,
,Boxers,,,,,,,,,,,,,,,,,Slippers,,,,,,,
,Bracelets,,,,,,,,,,,,,,,,,Sneakers,,,,,,,
,Bracelets & Bangles,,,,,,,,,,,,,,,,,Snow Boots,,,,,,,
,Bras,,,,,,,,,,,,,,,,,Socks,,,,,,,
,Brassieres,,,,,,,,,,,,,,,,,Sports Tights,,,,,,,
,Bridesmaid Dresses,,,,,,,,,,,,,,,,,Steel-toe Boots,,,,,,,
,Broomstick Skirts,,,,,,,,,,,,,,,,,Stockings,,,,,,,
,Bubble Skirts,,,,,,,,,,,,,,,,,Strapless Dresses,,,,,,,
,Bustiers,,,,,,,,,,,,,,,,,Suits,,,,,,,
,Bustle Skirts,,,,,,,,,,,,,,,,,Sunglasses,,,,,,,
,Button-down Blouse,,,,,,,,,,,,,,,,,Sweater Chains,,,,,,,
,,,,,,,,,,,,,,,,,,Sweaters,,,,,,,
,,,,,,,,,,,,,,,,,,Sweatshirts,,,,,,,
,,,,,,,,,,,,,,,,,,Swimming Costumes,,,,,,,
,,,,,,,,,,,,,,,,,,Swimming Shorts,,,,,,,
,,,,,,,,,,,,,,,,,,Swimming Trunks,,,,,,,
,,,,,,,,,,,,,,,,,,Swimsuits and Coverups,,,,,,,
,,,,,,,,,,,,,,,,,,Swimwear,,,,,,,